{"Bid": 0.75624, "Ask": 0.75641, "High": 0.75797, "Low": 0.75449, "ltp": 0.756325, "Spread": 0.00017000000000000348}