{"Bid": 1.2170200000000002, "Ask": 1.2171399999999999, "High": 1.22129, "Low": 1.21446, "ltp": 1.2170800000000002, "Spread": 0.00011999999999967592}