{"Bid": 1.34959, "Ask": 1.34974, "High": 1.35552, "Low": 1.3434100000000002, "ltp": 1.349665, "Spread": 0.00014999999999987246}