{"Bid": 0.88372, "Ask": 0.88386, "High": 0.88709, "Low": 0.88255, "ltp": 0.88379, "Spread": 0.000140000000000029}