{"Bid": 103.625, "Ask": 103.63799999999999, "High": 103.734, "Low": 103.25699999999999, "ltp": 103.63149999999999, "Spread": 0.012999999999991019}